<?xml version="1.0" encoding="UTF-8"?>

<web-app xmlns="http://xmlns.jcp.org/xml/ns/javaee"
         xmlns:xsi="http://www.w3.org/2001/XMLSchema-instance"
         xsi:schemaLocation="http://xmlns.jcp.org/xml/ns/javaee
         http://xmlns.jcp.org/xml/ns/javaee/web-app_3_1.xsd"
         version="3.1">
    
     <!-- item insert system -->
     <servlet>
     	<servlet-name>ItemInsertServlet </servlet-name>
     	<servlet-class> seller.ItemInsertServlet</servlet-class>
     </servlet>
     
     <servlet-mapping>
     	<servlet-name>ItemInsertServlet</servlet-name>
     	<url-pattern>/ItemInsertServlet</url-pattern>
     </servlet-mapping>
     
      <!-- item display system -->
      <servlet>
     	<servlet-name>ItemGetAllServlet </servlet-name>
     	<servlet-class> seller.ItemGetAllServlet</servlet-class>
      </servlet>
     
      <servlet-mapping>
     	<servlet-name>ItemGetAllServlet</servlet-name>
     	<url-pattern>/ItemGetAllServlet</url-pattern>
      </servlet-mapping>
     
     
      <!-- item update system -->
      <servlet>
     	<servlet-name>ItemUpdateServlet </servlet-name>
     	<servlet-class> seller.ItemUpdateServlet</servlet-class>
      </servlet>
     
      <servlet-mapping>
     	<servlet-name>ItemUpdateServlet</servlet-name>
     	<url-pattern>/ItemUpdateServlet</url-pattern>
      </servlet-mapping>
     
     

    <!-- item delete system -->
      <servlet>
     	<servlet-name>ItemDeleteServlet</servlet-name>
     	<servlet-class> seller.ItemDeleteServlet</servlet-class>
      </servlet>
     
      <servlet-mapping>
     	<servlet-name>ItemDeleteServlet</servlet-name>
     	<url-pattern>/ItemDeleteServlet</url-pattern>
      </servlet-mapping>
     
     
     
     <!-- User System -->
       <servlet>
     	<servlet-name>UserServlet</servlet-name>
     	<servlet-class> UserPackage.UserServlet</servlet-class>
       </servlet>
     
      <servlet-mapping>
     	<servlet-name>UserServlet</servlet-name>
     	<url-pattern>/UserServlet</url-pattern>
      </servlet-mapping>
     
     <!-- login system -->
        <servlet>
     	<servlet-name>LoginServlet</servlet-name>
     	<servlet-class> UserPackage.LoginServlet</servlet-class>
        </servlet>
     
        <servlet-mapping>
     	<servlet-name>LoginServlet</servlet-name>
     	<url-pattern>/LoginServlet</url-pattern>
       </servlet-mapping>
       
       <!-- logout system -->
       
       <servlet>
        <servlet-name>LogoutServlet</servlet-name>
     	<servlet-class> UserPackage.LogoutServlet</servlet-class>
      </servlet>
     
     <servlet-mapping>
     	<servlet-name>LogoutServlet</servlet-name>
     	<url-pattern>/LogoutServlet</url-pattern>
      </servlet-mapping>
     
     
     <!-- profile system -->
       <servlet>
     	<servlet-name>ProfileServlet</servlet-name>
     	<servlet-class> UserPackage.ProfileServlet</servlet-class>
       </servlet>
     
       <servlet-mapping>
     	<servlet-name>ProfileServlet</servlet-name>
     	<url-pattern>/ProfileServlet</url-pattern>
       </servlet-mapping>
     
     <!-- profile update system -->
      <servlet>
     	<servlet-name>UpdateProfileServlet</servlet-name>
     	<servlet-class> UserPackage.UpdateProfileServlet</servlet-class>
     </servlet>
     
     <servlet-mapping>
     	<servlet-name>UpdateProfileServlet</servlet-name>
     	<url-pattern>/UpdateProfileServlet</url-pattern>
     </servlet-mapping>
     
      <!-- profile delete system -->
      <servlet>
        <servlet-name>UserDeleteServlet</servlet-name>
     	<servlet-class> UserPackage.UserDeleteServlet</servlet-class>
      </servlet>
     
     <servlet-mapping>
     	<servlet-name>UserDeleteServlet</servlet-name>
     	<url-pattern>/UserDeleteServlet</url-pattern>
      </servlet-mapping>
      
      
        <!-- place a bid system -->
        <servlet>
     	<servlet-name>BidInsertServlet</servlet-name>
     	<servlet-class>onlineBiddingPackage.BidInsertServlet</servlet-class>
     </servlet>
     
     <servlet-mapping>
     	<servlet-name>BidInsertServlet</servlet-name>
     	<url-pattern>/BidInsertServlet</url-pattern>
     </servlet-mapping>


   <servlet>
     	<servlet-name>BidGetAllServlet</servlet-name>
     	<servlet-class>onlineBiddingPackage.BidGetAllServlet</servlet-class>
     </servlet>
     
     <servlet-mapping>
     	<servlet-name>BidGetAllServlet</servlet-name>
     	<url-pattern>/BidGetAllServlet</url-pattern>
     </servlet-mapping>
     
     <servlet>
     	<servlet-name>BidUpdateServlet</servlet-name>
     	<servlet-class>onlineBiddingPackage.BidUpdateServlet</servlet-class>
     </servlet>
     
     <servlet-mapping>
     	<servlet-name>BidUpdateServlet</servlet-name>
     	<url-pattern>/BidUpdateServlet</url-pattern>
     </servlet-mapping>
     
     <servlet>
     	<servlet-name>BidDeleteServlet</servlet-name>
     	<servlet-class>onlineBiddingPackage.BidDeleteServlet</servlet-class>
     </servlet>
     
     <servlet-mapping>
     	<servlet-name>BidDeleteServlet</servlet-name>
     	<url-pattern>/BidDeleteServlet</url-pattern>
     </servlet-mapping>
     
     
     <!-- place a feedback system -->
     
      <servlet>
     <servlet-name>FeedbackGetAllServlet</servlet-name>
     	<servlet-class>feedback.FeedbackGetAllServlet</servlet-class>
     </servlet>
     
     <servlet-mapping>
     	<servlet-name>FeedbackGetAllServlet</servlet-name>
     	<url-pattern>/FeedbackGetAllServlet</url-pattern>
     </servlet-mapping>
     
     <servlet>
     	<servlet-name>UpdateFeedbackServlet</servlet-name>
     	<servlet-class>feedback.UpdateFeedbackServlet</servlet-class>
     </servlet>
     
     <servlet-mapping>
     	<servlet-name>UpdateFeedbackServlet</servlet-name>
     	<url-pattern>/UpdateFeedbackServlet</url-pattern>
     </servlet-mapping>
     
     <servlet>
     	<servlet-name>DeleteFeedbackServlet</servlet-name>
     	<servlet-class>feedback.DeleteFeedbackServlet</servlet-class>
     </servlet>
     
     <servlet-mapping>
     	<servlet-name>DeleteFeedbackServlet</servlet-name>
     	<url-pattern>/DeleteFeedbackServlet</url-pattern>
     </servlet-mapping>
     
      
</web-app>
